{"cameraMode":{"drawMode":0,"name":"Shaded","section":"Shading Mode"},"sceneLighting":false,"audioPlay":false,"sceneViewState":{"m_AlwaysRefresh":false,"showFog":true,"showSkybox":false,"showFlares":true,"showImageEffects":true,"showParticleSystems":true,"showVisualEffectGraphs":true,"m_FxEnabled":true},"in2DMode":false,"pivot":{"x":-0.2403712272644043,"y":0.048298537731170657,"z":0.048420242965221408},"rotation":{"x":0.1709476113319397,"y":0.7153579592704773,"z":-0.18785901367664338,"w":0.6509608030319214},"size":0.8660253882408142,"orthographic":false}